Workbook

Sheet Sheet1
A1: Trip ID | B1: Route | C1: Distance (KM) | D1: Fuel Cost (INR) | E1: Toll Charges (INR) | F1: Driver Allowance (INR) | G1: total cost | H1: cost per KM
A2: T001 | B2: Nellore-Chennai | C2: 180 | D2: 2500 | E2: 400 | F2: 800 | G2: =SUM(D2:F2) -> 3700 | H2: =G2/C2 -> 20.555556
A3: T002 | B3: Nellore-Vijayawada | C3: 280 | D3: 3500 | E3: 600 | F3: 900 | G3: =SUM(D3:F3) -> 5000 | H3: =G3/C3 -> 17.857143
A4: T003 | B4: Nellore-Tirupati | C4: 130 | D4: 1800 | E4: 200 | F4: 700 | G4: =SUM(D4:F4) -> 2700 | H4: =G4/C4 -> 20.769231
A5: T004 | B5: Nellore-Bengaluru | C5: 300 | D5: 4000 | E5: 700 | F5: 1000 | G5: =SUM(D5:F5) -> 5700 | H5: =G5/C5 -> 19
A6: T005 | B6: Nellore-Chennai | C6: 180 | D6: 2300 | E6: 400 | F6: 800 | G6: =SUM(D6:F6) -> 3500 | H6: =G6/C6 -> 19.444444
A7: T006 | B7: Nellore-Guntur | C7: 220 | D7: 2900 | E7: 450 | F7: 850 | G7: =SUM(D7:F7) -> 4200 | H7: =G7/C7 -> 19.090909
A8: T007 | B8: Nellore-Kadapa | C8: 190 | D8: 2600 | E8: 350 | F8: 800 | G8: =SUM(D8:F8) -> 3750 | H8: =G8/C8 -> 19.736842
A9: T008 | B9: Nellore-Hyderabad | C9: 450 | D9: 6100 | E9: 900 | F9: 1200 | G9: =SUM(D9:F9) -> 8200 | H9: =G9/C9 -> 18.222222
A10: T009 | B10: Nellore-Ongole | C10: 120 | D10: 1600 | E10: 180 | F10: 650 | G10: =SUM(D10:F10) -> 2430 | H10: =G10/C10 -> 20.25
A11: T010 | B11: Nellore-Rajahmundry | C11: 390 | D11: 5200 | E11: 750 | F11: 1100 | G11: =SUM(D11:F11) -> 7050 | H11: =G11/C11 -> 18.076923
A12: T011 | B12: Nellore-Chennai | C12: 180 | D12: 2400 | E12: 400 | F12: 800 | G12: =SUM(D12:F12) -> 3600 | H12: =G12/C12 -> 20
A13: T012 | B13: Nellore-Vijayawada | C13: 280 | D13: 3300 | E13: 600 | F13: 900 | G13: =SUM(D13:F13) -> 4800 | H13: =G13/C13 -> 17.142857
... A31: T030 | B31: Nellore-Vijayawada | C31: 280 | D31: 3450 | E31: 600 | F31: 900 | G31: =SUM(D31:F31) -> 4950 | H31: =G31/C31 -> 17.678571

Sheet Blue Print
A1: Project Guide
A2: Dataset for a beginner-friendly Transportation Cost Analysis project.
A3: All figures are fictional and created for Excel practice.
A4: Start by calculating Total Transportation Cost = Fuel Cost + Toll Charges + Driver Allowance.
A5: Then calculate Cost per KM = Total Transportation Cost / Distance (KM).
A6: Use PivotTables and charts later to compare costs by route.
A7: Do not worry about advanced formulas at the start; build step by step.
A20: ┌──────────────────────────────────────────────────────────────┐
A21: │ TRANSPORTATION COST ANALYSIS DASHBOARD │
A22: ├────────────────┬───────────────┬──────────────┬───────────────┤
A23: │ TOTAL COST │ TOTAL TRIPS │ TOTAL DIST. │ AVG COST/KM │
A24: │ ₹1,40,240 │ 30 │ 7,420 KM │ ₹18.90 │
... A34: └──────────────────────────────────────────────────────────────┘

Sheet total cost
A1: KPI | B1: Result
A2: Total Transportation Cost | B2: =SUM(Sheet1!G2:G31) -> 140240
A3: Total Number of Trips | B3: =COUNTA(Sheet1!B2:B31) -> 30
A4: Total Distance (KM) | B4: =SUM(Sheet1!C2:C31) -> 7420
A5: Average Cost Per KM | B5: =B2/B4 -> 18.90027

Sheet Sheet2
A1: Row Labels | B1: Average of cost per KM
A2: Nellore-Bengaluru | B2: 19.111111
A3: Nellore-Chennai | B3: 20.111111
A4: Nellore-Guntur | B4: 19.166667
A5: Nellore-Hyderabad | B5: 18.222222
A6: Nellore-Kadapa | B6: 19.736842
A7: Nellore-Ongole | B7: 20.25
A8: Nellore-Rajahmundry | B8: 18.162393
A9: Nellore-Tirupati | B9: 20.641026
A10: Nellore-Vijayawada | B10: 17.723214
A11: Grand Total | B11: 19.243973

Sheet cost break down
A3: Row Labels | B3: Sum of Fuel Cost (INR) | C3: Sum of Toll Charges (INR) | D3: Sum of Driver Allowance (INR)
A4: Nellore-Bengaluru | B4: 12100 | C4: 2100 | D4: 3000
A5: Nellore-Chennai | B5: 12100 | C5: 2000 | D5: 4000
A6: Nellore-Guntur | B6: 8750 | C6: 1350 | D6: 2550
A7: Nellore-Hyderabad | B7: 18300 | C7: 2700 | D7: 3600
A8: Nellore-Kadapa | B8: 7800 | C8: 1050 | D8: 2400
A9: Nellore-Ongole | B9: 4800 | C9: 540 | D9: 1950
A10: Nellore-Rajahmundry | B10: 15700 | C10: 2250 | D10: 3300
A11: Nellore-Tirupati | B11: 5350 | C11: 600 | D11: 2100
A12: Nellore-Vijayawada | B12: 13850 | C12: 2400 | D12: 3600
A13: Grand Total | B13: 98750 | C13: 14990 | D13: 26500

Sheet dashboard
A1: TRANSPORTATION COST ANALYSIS DASHBOARD
A4: TOTAL TRANSPORTATION COST | C4: TOTAL TRIPS | E4: TOTAL DISTANCE (KM) | G4: AVERAGE COST PER KM
A5: ='total cost'!B2 -> 140240 | C5: ='total cost'!B3 -> 30 | E5: ='total cost'!B4 -> 7420 | G5: ='total cost'!B5 -> 18.90027
A9: Total Transportation Cost by Route | C9: Average Cost Per KM by Route | G9: Transportation Cost Breakdown by Route
